model,day,n,normal_n,fault_n,BA,F1_macro
R_rms_stump,2020-11-06,20,1,19,1.000000,1.000000
R_rms_stump,2020-11-07,56,1,55,1.000000,1.000000
R_rms_stump,2020-11-08,59,3,56,1.000000,1.000000
R_rms_stump,2020-11-09,60,14,46,1.000000,1.000000
R_rms_stump,2020-11-11,48,3,45,1.000000,1.000000
R_rms_stump,2020-11-12,49,3,46,1.000000,1.000000
R_rms_stump,2020-11-13,54,4,50,1.000000,1.000000
R_rms_stump,2020-11-15,31,4,27,1.000000,1.000000
R_rms_stump,2020-11-16,30,5,25,1.000000,1.000000
Logistic_phase7,2020-11-06,20,1,19,0.973684,0.819820
Logistic_phase7,2020-11-07,56,1,55,1.000000,1.000000
Logistic_phase7,2020-11-08,59,3,56,1.000000,1.000000
Logistic_phase7,2020-11-09,60,14,46,1.000000,1.000000
Logistic_phase7,2020-11-11,48,3,45,1.000000,1.000000
Logistic_phase7,2020-11-12,49,3,46,1.000000,1.000000
Logistic_phase7,2020-11-13,54,4,50,0.980000,0.889796
Logistic_phase7,2020-11-15,31,4,27,0.962963,0.880769
Logistic_phase7,2020-11-16,30,5,25,1.000000,1.000000
XGBoost_phase7,2020-11-06,20,1,19,1.000000,1.000000
XGBoost_phase7,2020-11-07,56,1,55,1.000000,1.000000
XGBoost_phase7,2020-11-08,59,3,56,1.000000,1.000000
XGBoost_phase7,2020-11-09,60,14,46,1.000000,1.000000
XGBoost_phase7,2020-11-11,48,3,45,1.000000,1.000000
XGBoost_phase7,2020-11-12,49,3,46,0.989130,0.923077
XGBoost_phase7,2020-11-13,54,4,50,1.000000,1.000000
XGBoost_phase7,2020-11-15,31,4,27,1.000000,1.000000
XGBoost_phase7,2020-11-16,30,5,25,1.000000,1.000000
